[{"id":"defaultLayer","name":"defaultLayer","visible":true,"key":true,"components":[{"id":"09f89213-02bd-4f5e-9cbb-3b72eba3504e","name":"component1","type":1002,"description":"","layerId":"defaultLayer","options":{"tooltip":{"trigger":"axis","axisPointer":{"type":"shadow"}},"legend":{"data":["直接访问","邮件营销","联盟广告","视频广告","搜索引擎"]},"grid":{"left":"3%","right":"4%","bottom":"3%","containLabel":true},"xAxis":{"type":"value"},"yAxis":{"type":"category","data":["周一","周二","周三","周四","周五","周六","周日"]},"series":[{"name":"直接访问","type":"bar","stack":"总量","label":{"normal":{"show":true,"position":"insideRight"}},"data":[]},{"name":"邮件营销","type":"bar","stack":"总量","label":{"normal":{"show":true,"position":"insideRight"}}},{"name":"联盟广告","type":"bar","stack":"总量","label":{"normal":{"show":true,"position":"insideRight"}}},{"name":"视频广告","type":"bar","stack":"总量","label":{"normal":{"show":true,"position":"insideRight"}}},{"name":"搜索引擎","type":"bar","stack":"总量","label":{"normal":{"show":true,"position":"insideRight"}}}]},"serviceType":"array","service":{"array":[[]],"local":{"id":"a3342534-5504-478d-a84f-205f638436bd","url":"","type":"get","dataType":"json","async":false},"remote":{"id":"bd87b4cc-f5c4-405b-8afc-b6686d266e43","url":"","method":"post","contentType":"application/json","dataType":"json"}},"visible":true,"style":{"top":163,"left":260,"width":300,"height":300,"background":null,"border":null}}]}]